model,num. layers,num. heads,stopped-at,n_segments,compactness,graph type,slic method,features,avg. num. of nodes,std. dev. of num. of nodes,avg. num. of edges,std. dev. of num. of edges,best epochs,last epochs,accuracy,precision micro,precision macro,precision weighted,recall micro,recall macro,recall weighted,micro,macro,weighted,avg. loss,training time,loading time
GCN,3,-,,75,-,RAG,SLIC0,avg_color,78.12196666666667,1.913380289493498,388.5078,11.74999031886126,"54, 32, 76, 65, 76","56, 32, 79, 67, 77",0.5977142857142858,0.5977142857142858,0.6104223539912148,0.6104223539912148,0.5977142857142858,0.5977142857142856,0.5977142857142858,0.5977142857142858,0.5958828395902698,0.5958828395902698,1.0467364164247903,531.4956970214844,9.180723667144775
GCN,3,-,,75,-,RAG,SLIC0,avg_color centroid,78.12196666666667,1.913380289493498,388.5078,11.74999031886126,"91, 59, 30, 39, 69","95, 59, 33, 41, 69",0.7742857142857144,0.7742857142857144,0.773686103899595,0.773686103899595,0.7742857142857144,0.7742857142857142,0.7742857142857144,0.7742857142857144,0.770562749194774,0.770562749194774,0.5911649402962428,521.27407746315,8.50052285194397
GCN,3,-,,75,-,RAG,SLIC0,avg_color centroid std_deviation_color,78.12196666666667,1.913380289493498,388.5078,11.74999031886126,"66, 55, 36, 70, 59","72, 58, 37, 74, 61",0.7991285714285714,0.7991285714285714,0.7973033059786241,0.7973033059786241,0.7991285714285714,0.7991285714285714,0.7991285714285714,0.7991285714285714,0.7953094526033211,0.7953094526033212,0.5285267604404389,530.0787662029267,8.795374870300293
GCN,3,-,,75,-,RAG,SLIC0,avg_color centroid num_pixels std_deviation_color,78.12196666666667,1.913380289493498,388.5078,11.74999031886126,"47, 33, 84, 78, 98","55, 38, 86, 79, 99",0.8070857142857143,0.8070857142857143,0.806733346909124,0.8067333469091238,0.8070857142857143,0.8070857142857143,0.8070857142857143,0.8070857142857143,0.8041712051182444,0.8041712051182446,0.5102279426300363,618.707728099823,9.061129570007324
GCN,3,-,,75,-,RAG,SLIC0,avg_color centroid std_deviation_centroid std_deviation_color,78.12196666666667,1.913380289493498,388.5078,11.74999031886126,"97, 49, 34, 53, 77","99, 49, 35, 59, 83",0.8122,0.8122,0.8113374606892299,0.8113374606892296,0.8122,0.8122,0.8122,0.8122,0.8097779603999828,0.8097779603999828,0.49777515130500277,563.8292454719543,8.944252967834473
