model,num. layers,num. heads,stopped-at,n_segments,compactness,graph type,slic method,features,avg. num. of nodes,std. dev. of num. of nodes,avg. num. of edges,std. dev. of num. of edges,best epochs,last epochs,accuracy,stdv accuracy,precision micro,stdv precision micro,precision macro,stdv precision macro,precision weighted,stdv precision weighted,recall micro,stdv recall micro,recall macro,stdv recall macro,recall weighted,stdv recall weighted,f1 micro,stdv f1 micro,f1 macro,stdv f1 macro,f1 weighted,stdv f1 weighted,validation f1 micro,stdv validation f1 micro,validation f1 macro,stdv validation f1 macro,validation f1 weighted,stdv validation f1 weighted,train f1 micro,stdv train f1 micro,train f1 macro,stdv train f1 macro,train f1 weighted,stdv train f1 weighted,loss,stdv loss,validation loss,stdv validation loss,train loss,stdv train loss,training time,stdv training time,loading time,stdv loading time
GCN,3,-,,50,-,RAG,SLIC0,avg_color centroid num_pixels std_deviation_color,80.73123333333334,0.6240708925185415,402.21683333333334,7.359681830003854,"99, 97, 97, 96, 99","99, 99, 99, 99, 99",0.9098428571428572,,0.910719369531494,,0.9108938782722044,,0.9117505708733569,,0.9108908842450483,,0.9098421532212011,,0.9108908842450483,,0.9108049022498923,0.004602525334189332,0.9098029817169376,0.004864254893841168,0.9107670421563725,0.004798365918850679,0.9119672291150469,0.007692889525423939,0.9110458233975928,0.00793425166882814,0.9118963460947338,0.00795468589798245,0.9163993446059028,0.005443382165179875,0.9154361356576703,0.00584940803037712,0.9163362075904737,0.005764002011217369,0.2869054493090334,0.012821462855061255,0.2854233874346722,0.019630967387456236,0.2654627323188455,0.016146806054734893,1261.1488393306731,,12.62421727180481,
